,SEASON_ID,Player_ID,Game_ID,GAME_DATE,MATCHUP,WL,MIN,FGM,FGA,FG_PCT,FG3M,FG3A,FG3_PCT,FTM,FTA,FT_PCT,OREB,DREB,REB,AST,STL,BLK,TOV,PF,PTS,PLUS_MINUS,VIDEO_AVAILABLE,Team,Location,Opponent,W_PCT,E_OFF_RATING,E_DEF_RATING,E_NET_RATING,E_PACE,E_REB_PCT,personId,points,contestedShots,contestedShots2pt,contestedShots3pt,deflections,chargesDrawn,screenAssists,screenAssistPoints,looseBallsRecoveredOffensive,looseBallsRecoveredDefensive,looseBallsRecoveredTotal,offensiveBoxOuts,defensiveBoxOuts,boxOutPlayerTeamRebounds,boxOutPlayerRebounds,boxOuts,matchupMinutes,partialPossessions,switchesOn,oppPoints,defensiveRebounds,matchupAssists,matchupTurnovers,steals,matchupFieldGoalsMade,matchupFieldGoalsAttempted,matchupFieldGoalPercentage,matchupThreePointersMade,matchupThreePointersAttempted,matchupThreePointerPercentage,gameId,teamId,teamCity,teamName,teamTricode,teamSlug,firstName,familyName,nameI,playerSlug,position,comment,jerseyNum,percentageFieldGoalsAttempted2pt,percentageFieldGoalsAttempted3pt,percentagePoints2pt,percentagePointsMidrange2pt,percentagePoints3pt,percentagePointsFastBreak,percentagePointsFreeThrow,percentagePointsOffTurnovers,percentagePointsPaint,percentageAssisted2pt,percentageUnassisted2pt,percentageAssisted3pt,percentageUnassisted3pt,percentageAssistedFGM,percentageUnassistedFGM,estimatedOffensiveRating,offensiveRating,estimatedDefensiveRating,defensiveRating,estimatedNetRating,netRating,assistPercentage,assistToTurnover,assistRatio,offensiveReboundPercentage,defensiveReboundPercentage,reboundPercentage,turnoverRatio,effectiveFieldGoalPercentage,trueShootingPercentage,estimatedUsagePercentage,estimatedPace,pace,pacePer40,possessions,PIE,pointsOffTurnovers,pointsSecondChance,pointsFastBreak,pointsPaint,oppPointsOffTurnovers,oppPointsSecondChance,oppPointsFastBreak,oppPointsPaint,blocksAgainst,foulsPersonal,foulsDrawn,speed,distance,reboundChancesOffensive,reboundChancesDefensive,reboundChancesTotal,touches,secondaryAssists,freeThrowAssists,passes,assists,contestedFieldGoalsMade,contestedFieldGoalsAttempted,contestedFieldGoalPercentage,uncontestedFieldGoalsMade,uncontestedFieldGoalsAttempted,uncontestedFieldGoalsPercentage,fieldGoalPercentage,defendedAtRimFieldGoalsMade,defendedAtRimFieldGoalsAttempted,defendedAtRimFieldGoalPercentage,percentageFieldGoalsMade,percentageFieldGoalsAttempted,percentageThreePointersMade,percentageThreePointersAttempted,percentageFreeThrowsMade,percentageFreeThrowsAttempted,percentageReboundsOffensive,percentageReboundsDefensive,percentageReboundsTotal,percentageAssists,percentageTurnovers,percentageSteals,percentageBlocks,percentageBlocksAllowed,percentagePersonalFouls,percentagePersonalFoulsDrawn,percentagePoints,Player Name,Player Height,Player Weight,True Position,defender_size,defender_weight,defender_height,ppm,ppp,team_ppm,team_ppp,player_effectiveness,FGAsuppression
0,22023,203932,22300767,"FEB 12, 2024",DEN @ MIL,L,28,6,11,0.545,2,4,0.5,0,0,0.0,1,6,7,2,1,2,1,2,14,1,1,DEN,@,MIL,0.8999409431034079,1.2977043480114072,-0.1764818971902991,0.7869414236446819,1.306608926070965,-0.0588256475451411,203932,14.0,6.0,6.0,0.0,1.0,0.0,1.0,2.0,1.0,0.0,1.0,0.0,1.0,1.0,1.0,1.0,9:54,56.5,0.0,25.0,6.0,4.0,4.0,1.0,10.0,19.0,0.526,2.0,3.0,0.667,22300767,1610612743,Denver,Nuggets,DEN,nuggets,Aaron,Gordon,A. Gordon,aaron-gordon,F,,,0.636,0.364,0.571,0.0,0.429,0.5,0.0,0.143,0.571,0.75,0.25,0.5,0.5,0.667,0.333,107.8,111.9,113.7,110.2,-5.9,1.7,0.1,2.0,14.3,0.031,0.207,0.115,7.1,0.636,0.636,0.176,99.8,99.5,82.91,59.0,0.127,2,0,7,8,13,10,15,26,2,2,2,4.16,2.07,2,8,9,43,0,0,30,2,2,4,0.5,4,7,0.571,0.545,4,5,0.8,0.231,0.19,0.222,0.16,0.0,0.0,0.143,0.261,0.233,0.118,0.125,0.25,1.0,0.667,0.222,0.222,0.212,Aaron Gordon,203.2,235.0,Forward,0.0,0.0,0.0,0.8508495575221237,0.17808849557522122,5.317061946902654,1.117150442477876,0.21238938053097342,9.28387610619469
1,22023,203932,22300746,"FEB 09, 2024",DEN @ SAC,L,27,5,8,0.625,1,2,0.5,3,6,0.5,2,1,3,2,0,1,2,0,14,-28,1,DEN,@,SAC,0.4686981514700533,0.3340625054286771,-0.5033002253204877,-0.0636357756510111,0.4329476827842839,0.1119584904891585,203932,14.0,2.0,1.0,1.0,0.0,0.0,1.0,3.0,1.0,0.0,1.0,1.0,0.0,1.0,1.0,1.0,9:07,58.3,0.0,19.0,1.0,2.0,1.0,0.0,8.0,12.0,0.667,3.0,6.0,0.5,22300746,1610612743,Denver,Nuggets,DEN,nuggets,Aaron,Gordon,A. Gordon,aaron-gordon,F,,,0.75,0.25,0.571,0.0,0.214,0.0,0.214,0.143,0.571,0.75,0.25,1.0,0.0,0.8,0.2,83.8,85.0,130.3,133.9,-46.5,-48.9,0.154,1.0,14.3,0.059,0.048,0.055,14.3,0.688,0.658,0.18,107.99,105.78,88.15,60.0,0.082,2,2,0,8,30,9,16,42,0,0,4,4.36,2.08,5,1,6,42,0,0,30,2,3,5,0.6,2,3,0.667,0.625,3,3,1.0,0.278,0.167,0.125,0.105,0.429,0.545,0.333,0.077,0.158,0.125,0.143,0.0,0.25,0.0,0.0,0.4,0.275,Aaron Gordon,203.2,235.0,Forward,1.1051745941743665,224.76845637583892,203.24687919463085,1.293758389261745,0.27018456375838923,5.009496644295303,1.0060570469798655,0.30201342281879195,9.483137583892615
2,22023,203932,22300740,"FEB 08, 2024",DEN @ LAL,W,32,5,8,0.625,0,2,0.0,1,2,0.5,0,4,4,3,2,1,1,1,11,18,1,DEN,@,LAL,0.116415307600553,-0.2716552241947539,0.1176545981268676,-0.1014392067308196,0.8989003458705122,-0.5142500156366069,203932,11.0,4.0,3.0,1.0,1.0,0.0,0.0,0.0,0.0,0.0,0.0,0.0,1.0,1.0,0.0,1.0,10:26,63.2,0.0,18.0,4.0,5.0,2.0,2.0,7.0,13.0,0.538,2.0,6.0,0.333,22300740,1610612743,Denver,Nuggets,DEN,nuggets,Aaron,Gordon,A. Gordon,aaron-gordon,F,,,0.75,0.25,0.909,0.0,0.0,0.364,0.091,0.364,0.909,0.8,0.2,0.0,0.0,0.8,0.2,127.8,131.8,108.3,106.2,19.5,25.7,0.097,3.0,23.1,0.0,0.125,0.065,7.7,0.625,0.619,0.133,99.1,98.5,82.08,66.0,0.086,4,1,4,10,8,4,9,36,1,1,2,4.0,2.23,3,5,8,37,0,0,25,3,1,2,0.5,4,6,0.667,0.625,3,5,0.6,0.139,0.123,0.0,0.105,0.167,0.286,0.0,0.154,0.121,0.125,0.143,0.5,0.333,0.143,0.1,0.25,0.126,Aaron Gordon,203.2,235.0,Forward,1.1412099340719228,233.96759941089837,204.93198821796761,0.7603092783505156,0.16104565537555232,5.966848306332843,1.1939617083946983,0.19145802650957292,11.029307805596465
3,22023,203932,22300712,"FEB 04, 2024",DEN vs. POR,W,30,4,8,0.5,0,1,0.0,4,4,1.0,3,4,7,2,0,0,0,3,12,-3,1,DEN,vs.,POR,-1.286642225741769,-1.9511452926960813,-0.5359820581335093,-1.6513798810029714,-0.5572017262739564,-0.9696743837280726,203932,12.0,1.0,1.0,0.0,2.0,0.0,2.0,6.0,0.0,0.0,0.0,0.0,0.0,0.0,0.0,0.0,11:25,57.1,0.0,8.0,4.0,5.0,1.0,0.0,4.0,7.0,0.571,0.0,1.0,0.0,22300712,1610612743,Denver,Nuggets,DEN,nuggets,Aaron,Gordon,A. Gordon,aaron-gordon,F,,,0.875,0.125,0.667,0.0,0.0,0.0,0.333,0.0,0.667,0.75,0.25,0.0,0.0,0.75,0.25,124.5,123.2,125.6,122.4,-1.1,0.8,0.091,0.0,16.7,0.111,0.222,0.156,0.0,0.5,0.615,0.155,90.95,92.64,77.2,56.0,0.085,0,6,0,8,13,2,7,38,0,3,3,3.72,1.95,4,5,9,34,0,1,23,2,3,5,0.6,1,3,0.333,0.5,0,0,0.0,0.154,0.151,0.0,0.067,0.4,0.4,0.333,0.286,0.304,0.133,0.0,0.0,0.0,0.0,0.429,0.333,0.174,Aaron Gordon,203.2,235.0,Forward,1.11936324508706,226.35555555555555,201.9451965811966,0.6342564102564102,0.13777777777777775,5.338239316239316,1.1623589743589744,0.17094017094017094,13.808632478632477
4,22023,203932,22300697,"FEB 02, 2024",DEN vs. POR,W,28,7,9,0.778,1,1,1.0,3,3,1.0,2,2,4,5,0,0,3,4,18,20,1,DEN,vs.,POR,-1.286642225741769,-1.9511452926960813,-0.5359820581335093,-1.6513798810029714,-0.5572017262739564,-0.9696743837280726,203932,18.0,1.0,1.0,0.0,0.0,0.0,1.0,2.0,0.0,0.0,0.0,1.0,1.0,2.0,1.0,2.0,11:38,51.7,0.0,15.0,2.0,1.0,2.0,0.0,4.0,7.0,0.571,2.0,2.0,1.0,22300697,1610612743,Denver,Nuggets,DEN,nuggets,Aaron,Gordon,A. Gordon,aaron-gordon,F,,,0.889,0.111,0.667,0.111,0.167,0.111,0.167,0.222,0.556,0.833,0.167,1.0,0.0,0.857,0.143,133.9,137.0,104.9,100.0,29.0,37.0,0.238,1.67,27.8,0.074,0.059,0.066,16.7,0.833,0.872,0.193,92.56,93.63,78.03,54.0,0.148,4,2,2,10,8,7,11,22,0,4,2,3.98,1.96,2,4,6,31,0,1,20,5,4,5,0.8,3,4,0.75,0.778,1,2,0.5,0.25,0.164,0.143,0.043,0.273,0.25,0.167,0.091,0.118,0.263,0.429,0.0,0.0,0.0,0.333,0.222,0.243,Aaron Gordon,203.2,235.0,Forward,1.1259524787561677,229.1608133086876,203.3361552680222,2.1239741219963033,0.3696487985212569,8.04852125693161,1.4792975970425137,0.5175600739371534,14.354251386321625
5,22023,203932,22300682,"JAN 31, 2024",DEN @ OKC,L,39,7,16,0.438,1,3,0.333,1,6,0.167,4,9,13,7,1,4,1,2,16,7,1,DEN,@,OKC,1.0882300493095205,1.2426390998638217,1.0000640840783774,1.4106980364615234,0.3747035998985085,-1.2543146137852388,203932,16.0,9.0,9.0,0.0,3.0,0.0,3.0,7.0,1.0,0.0,1.0,0.0,0.0,0.0,0.0,0.0,15:46,77.1,0.0,7.0,9.0,4.0,1.0,1.0,3.0,17.0,0.176,0.0,3.0,0.0,22300682,1610612743,Denver,Nuggets,DEN,nuggets,Aaron,Gordon,A. Gordon,aaron-gordon,C,,,0.813,0.188,0.75,0.0,0.188,0.125,0.063,0.0,0.75,0.167,0.833,1.0,0.0,0.286,0.714,104.9,106.3,97.9,97.5,7.1,8.9,0.304,7.0,25.9,0.087,0.2,0.143,3.7,0.469,0.429,0.225,97.09,96.65,80.54,79.0,0.148,0,6,2,12,13,11,10,42,3,2,4,3.9,2.75,8,18,26,67,2,0,44,7,5,10,0.5,2,6,0.333,0.438,2,7,0.286,0.233,0.219,0.077,0.097,0.091,0.375,0.444,0.3,0.333,0.368,0.111,0.167,0.5,0.375,0.1,0.333,0.19,Aaron Gordon,203.2,235.0,Forward,1.0579808475651014,214.50364963503645,202.86936739659365,0.8231873479318733,0.15909975669099752,5.1435036496350355,0.961362530413625,0.24330900243308998,8.328309002433087
6,22023,203932,22300667,"JAN 29, 2024",DEN vs. MIL,W,25,2,6,0.333,1,2,0.5,3,4,0.75,2,4,6,2,0,1,2,6,8,-9,1,DEN,vs.,MIL,0.8999409431034079,1.2977043480114072,-0.1764818971902991,0.7869414236446819,1.306608926070965,-0.0588256475451411,203932,8.0,3.0,2.0,1.0,3.0,0.0,0.0,0.0,1.0,1.0,2.0,0.0,1.0,1.0,0.0,1.0,9:50,57.0,0.0,20.0,4.0,4.0,0.0,0.0,7.0,12.0,0.583,1.0,2.0,0.5,22300667,1610612743,Denver,Nuggets,DEN,nuggets,Aaron,Gordon,A. Gordon,aaron-gordon,F,,,0.667,0.333,0.25,0.0,0.375,0.25,0.375,0.625,0.25,0.0,1.0,1.0,0.0,0.5,0.5,92.3,92.7,108.3,107.1,-16.0,-14.4,0.111,1.0,16.7,0.065,0.167,0.109,16.7,0.417,0.515,0.166,104.78,105.08,87.57,55.0,0.025,5,2,2,2,5,5,8,16,1,6,2,4.16,2.0,4,7,11,32,0,1,21,2,0,1,0.0,2,5,0.4,0.333,2,3,0.667,0.1,0.118,0.5,0.182,0.333,0.333,0.4,0.235,0.273,0.143,0.5,0.0,0.333,0.2,0.667,0.154,0.157,Aaron Gordon,203.2,235.0,Forward,0.0,0.0,0.0,0.645495652173913,0.13979130434782608,4.630886956521739,0.9368347826086956,0.1391304347826087,9.81881739130435
7,22023,203932,22300644,"JAN 27, 2024",DEN vs. PHI,W,31,6,8,0.75,2,3,0.667,4,6,0.667,2,2,4,2,1,0,1,1,18,6,1,DEN,vs.,PHI,0.6326918891334417,0.8296497387569375,0.2810637621919619,0.7491379925648733,-0.0330049803019443,-0.286537831590874,203932,18.0,4.0,3.0,1.0,2.0,0.0,2.0,6.0,0.0,0.0,0.0,0.0,0.0,0.0,0.0,0.0,11:14,61.0,0.0,19.0,2.0,3.0,2.0,1.0,8.0,15.0,0.533,1.0,4.0,0.25,22300644,1610612743,Denver,Nuggets,DEN,nuggets,Aaron,Gordon,A. Gordon,aaron-gordon,F,,,0.625,0.375,0.444,0.0,0.333,0.0,0.222,0.167,0.444,0.75,0.25,0.5,0.5,0.667,0.333,118.6,115.9,107.6,108.1,11.0,7.8,0.105,2.0,14.3,0.057,0.08,0.067,7.1,0.875,0.846,0.17,95.67,96.57,80.47,63.0,0.145,3,5,0,8,5,6,11,42,0,1,5,3.97,2.21,4,3,6,44,0,1,30,2,2,3,0.667,4,5,0.8,0.75,3,5,0.6,0.24,0.148,0.25,0.125,0.267,0.25,0.222,0.1,0.138,0.125,0.167,0.25,0.0,0.0,0.1,0.278,0.247,Aaron Gordon,203.2,235.0,Forward,0.0,0.0,0.0,1.5747887323943663,0.3101408450704225,5.806885758998435,1.172754303599374,0.34428794992175277,17.196854460093896
8,22023,203932,22300631,"JAN 25, 2024",DEN @ NYK,L,30,5,10,0.5,0,1,0.0,2,2,1.0,1,4,5,2,1,0,1,2,12,-28,1,DEN,@,NYK,0.6752087840832091,0.4717256257976386,0.5752002575091334,0.6546294148653519,-1.3143748037890783,1.876727916843588,203932,12.0,5.0,3.0,2.0,3.0,0.0,3.0,8.0,0.0,0.0,0.0,0.0,0.0,0.0,0.0,0.0,12:22,55.0,0.0,20.0,4.0,5.0,2.0,1.0,8.0,15.0,0.533,3.0,5.0,0.6,22300631,1610612743,Denver,Nuggets,DEN,nuggets,Aaron,Gordon,A. Gordon,aaron-gordon,F,,,0.9,0.1,0.833,0.167,0.0,0.167,0.167,0.0,0.667,0.8,0.2,0.0,0.0,0.8,0.2,93.9,96.4,144.3,146.4,-50.4,-50.0,0.118,2.0,14.3,0.04,0.16,0.1,7.1,0.5,0.551,0.183,92.99,91.07,75.89,56.0,0.093,0,2,2,8,20,17,13,42,0,2,1,3.84,2.05,2,6,8,32,0,0,20,2,1,4,0.25,4,6,0.667,0.5,1,1,1.0,0.227,0.213,0.0,0.091,0.286,0.25,0.125,0.267,0.217,0.143,0.067,1.0,0.0,0.0,0.167,0.1,0.222,Aaron Gordon,203.2,235.0,Forward,0.0,0.0,0.0,0.912218309859155,0.17272887323943661,4.71681338028169,0.9131866197183099,0.22887323943661972,9.225475352112676
9,22023,203932,22300614,"JAN 23, 2024",DEN @ IND,W,32,3,5,0.6,0,1,0.0,3,3,1.0,0,1,1,1,0,2,0,3,9,5,1,DEN,@,IND,0.2743352031282603,1.2977043480114072,-1.2223005472069033,0.1820865263677446,1.8890497549287524,-0.7419621996823398,203932,9.0,7.0,4.0,3.0,0.0,0.0,1.0,3.0,0.0,0.0,0.0,0.0,0.0,0.0,0.0,0.0,12:20,64.4,0.0,15.0,1.0,0.0,0.0,0.0,5.0,12.0,0.417,1.0,3.0,0.333,22300614,1610612743,Denver,Nuggets,DEN,nuggets,Aaron,Gordon,A. Gordon,aaron-gordon,F,,,0.8,0.2,0.667,0.0,0.0,0.0,0.333,0.0,0.667,1.0,0.0,0.0,0.0,1.0,0.0,122.0,123.8,108.7,112.3,13.3,11.5,0.037,0.0,14.3,0.0,0.03,0.016,0.0,0.6,0.712,0.086,97.53,95.21,79.34,63.0,0.048,0,0,0,6,12,10,4,36,0,3,2,3.89,2.23,2,2,4,22,0,0,15,1,1,2,0.5,2,3,0.667,0.599,3,5,0.6,0.1,0.085,0.0,0.043,0.333,0.333,0.0,0.043,0.034,0.067,0.0,0.0,0.4,0.0,0.3,0.25,0.115,Aaron Gordon,203.2,235.0,Forward,0.0,0.0,0.0,0.9437418300653595,0.17851307189542484,6.915016339869281,1.418529411764706,0.19607843137254902,14.380392156862746
10,22023,203932,22300602,"JAN 21, 2024",DEN @ WAS,W,31,4,10,0.4,0,0,0.0,3,7,0.429,3,7,10,2,1,3,1,0,11,12,1,DEN,@,WAS,-2.003355597752132,-1.125166570482313,-1.254982380019925,-1.5190678722236417,2.2967583351292054,-2.7913718560939325,203932,11.0,5.0,4.0,1.0,2.0,0.0,3.0,7.0,0.0,1.0,1.0,0.0,0.0,0.0,0.0,0.0,11:12,63.2,0.0,19.0,7.0,7.0,4.0,1.0,8.0,16.0,0.5,3.0,4.0,0.75,22300602,1610612743,Denver,Nuggets,DEN,nuggets,Aaron,Gordon,A. Gordon,aaron-gordon,F,,,1.0,0.0,0.727,0.0,0.0,0.182,0.273,0.0,0.727,0.75,0.25,0.0,0.0,0.75,0.25,116.8,120.0,100.7,101.5,16.0,18.5,0.077,2.0,12.5,0.088,0.241,0.159,6.3,0.4,0.42,0.185,102.28,100.48,83.74,65.0,0.091,0,4,2,8,10,8,8,38,3,0,4,4.03,2.22,6,8,14,39,0,0,25,2,2,7,0.286,2,3,0.667,0.4,0,0,0.0,0.133,0.164,0.0,0.0,0.231,0.35,0.333,0.304,0.313,0.105,0.167,0.125,0.5,0.6,0.0,0.235,0.141,Aaron Gordon,203.2,235.0,Forward,0.0,0.0,0.0,1.119648,0.209648,6.735248,1.3100800000000001,0.256,11.045504000000001
11,22023,203932,22300586,"JAN 19, 2024",DEN @ BOS,W,42,0,6,0.0,0,3,0.0,2,3,0.667,2,8,10,3,0,1,1,3,2,1,1,DEN,@,BOS,1.6652450521992197,1.4353674683803683,1.2615187465825273,1.713125485099992,-0.4407135605023972,0.9658791806606568,203932,2.0,8.0,4.0,4.0,2.0,0.0,4.0,9.0,0.0,0.0,0.0,1.0,3.0,3.0,2.0,4.0,16:13,73.6,0.0,7.0,8.0,2.0,0.0,0.0,3.0,12.0,0.25,0.0,6.0,0.0,22300586,1610612743,Denver,Nuggets,DEN,nuggets,Aaron,Gordon,A. Gordon,aaron-gordon,F,,,0.5,0.5,0.0,0.0,0.0,0.0,1.0,0.0,0.0,0.0,0.0,0.0,0.0,0.0,0.0,118.7,116.0,114.4,116.2,4.3,-0.2,0.083,3.0,25.0,0.057,0.17,0.122,8.3,0.0,0.137,0.108,85.71,86.03,71.69,75.0,0.023,0,0,0,0,15,9,11,34,0,3,2,3.87,2.84,8,11,19,52,1,0,39,3,0,3,0.0,0,3,0.0,0.0,3,6,0.5,0.0,0.087,0.0,0.12,0.222,0.25,0.2,0.242,0.233,0.176,0.111,0.0,0.5,0.0,0.25,0.133,0.023,Aaron Gordon,203.2,235.0,Forward,0.0,0.0,0.0,0.07689747003994674,0.012982689747003994,6.076391478029295,1.3837017310252995,0.06657789613848202,15.455392809587217
12,22023,203932,22300566,"JAN 16, 2024",DEN @ PHI,L,39,7,11,0.636,0,1,0.0,2,6,0.333,3,3,6,4,0,0,2,5,16,0,1,DEN,@,PHI,0.6326918891334417,0.8296497387569375,0.2810637621919619,0.7491379925648733,-0.0330049803019443,-0.286537831590874,203932,16.0,8.0,6.0,2.0,1.0,0.0,3.0,7.0,0.0,0.0,0.0,1.0,0.0,1.0,1.0,1.0,13:40,69.3,0.0,19.0,3.0,7.0,2.0,0.0,6.0,17.0,0.353,2.0,5.0,0.4,22300566,1610612743,Denver,Nuggets,DEN,nuggets,Aaron,Gordon,A. Gordon,aaron-gordon,F,,,0.909,0.091,0.875,0.0,0.0,0.125,0.125,0.125,0.875,0.571,0.429,0.0,0.0,0.571,0.429,126.1,127.6,128.2,126.0,-2.1,1.7,0.129,2.0,21.1,0.079,0.1,0.088,10.5,0.636,0.587,0.165,95.12,95.37,79.48,76.0,0.051,2,4,2,14,7,5,10,28,0,5,4,3.92,2.49,3,6,9,42,2,0,26,4,5,7,0.714,0,2,0.0,0.636,2,4,0.5,0.184,0.149,0.0,0.043,0.167,0.333,0.214,0.12,0.154,0.211,0.222,0.0,0.0,0.0,0.385,0.25,0.165,Aaron Gordon,203.2,235.0,Forward,0.0,0.0,0.0,1.0253352353780316,0.1983166904422254,7.526676176890158,1.4673038516405137,0.25677603423680456,13.456604850213981
13,22023,203932,22300550,"JAN 14, 2024",DEN vs. IND,W,37,7,10,0.7,0,1,0.0,6,8,0.75,1,9,10,3,0,0,2,0,20,17,1,DEN,vs.,IND,0.2743352031282603,1.2977043480114072,-1.2223005472069033,0.1820865263677446,1.8890497549287524,-0.7419621996823398,203932,20.0,6.0,5.0,1.0,0.0,0.0,2.0,5.0,0.0,2.0,2.0,0.0,1.0,1.0,1.0,1.0,14:10,79.0,0.0,7.0,9.0,6.0,5.0,0.0,3.0,14.0,0.214,1.0,3.0,0.333,22300550,1610612743,Denver,Nuggets,DEN,nuggets,Aaron,Gordon,A. Gordon,aaron-gordon,F,,,0.9,0.1,0.7,0.0,0.0,0.0,0.3,0.0,0.7,0.857,0.143,0.0,0.0,0.857,0.143,128.9,127.8,107.5,106.3,21.4,21.5,0.094,1.5,16.7,0.05,0.214,0.161,11.1,0.7,0.74,0.184,100.94,101.89,84.91,79.0,0.139,0,2,0,14,15,20,7,46,0,0,7,4.01,2.64,1,10,11,56,0,1,39,3,5,6,0.833,2,4,0.5,0.699,2,4,0.5,0.179,0.175,0.0,0.053,0.462,0.421,0.333,0.321,0.323,0.103,0.125,0.0,0.0,0.0,0.0,0.389,0.198,Aaron Gordon,203.2,235.0,Forward,0.0,0.0,0.0,1.1443750000000001,0.2171603260869565,6.666684782608695,1.3032065217391304,0.24456521739130438,14.993260869565217
14,22023,203932,22300539,"JAN 12, 2024",DEN vs. NOP,W,31,7,12,0.583,0,2,0.0,1,3,0.333,3,2,5,2,0,0,2,2,15,9,1,DEN,vs.,NOP,0.5658796256409501,0.6093887461666,0.8693367528263002,0.919253432424012,-0.3824694776166135,0.7381669966149239,203932,15.0,5.0,5.0,0.0,1.0,0.0,1.0,2.0,0.0,0.0,0.0,0.0,0.0,0.0,0.0,0.0,11:21,63.3,0.0,19.0,2.0,5.0,1.0,0.0,8.0,14.0,0.571,0.0,3.0,0.0,22300539,1610612743,Denver,Nuggets,DEN,nuggets,Aaron,Gordon,A. Gordon,aaron-gordon,F,,,0.833,0.167,0.933,0.0,0.0,0.0,0.067,0.0,0.933,0.857,0.143,0.0,0.0,0.857,0.143,125.3,132.8,121.4,116.9,3.9,15.9,0.071,1.0,11.8,0.097,0.074,0.086,11.8,0.583,0.563,0.198,101.04,99.92,83.27,64.0,0.056,0,4,0,14,12,4,11,36,0,2,3,3.91,2.1,6,4,10,35,0,0,19,2,6,10,0.6,1,2,0.5,0.582,2,3,0.667,0.2,0.188,0.0,0.095,0.125,0.273,0.375,0.095,0.172,0.08,0.286,0.0,0.0,0.0,0.2,0.429,0.176,Aaron Gordon,203.2,235.0,Forward,0.0,0.0,0.0,1.2794480519480518,0.24420454545454542,6.952061688311687,1.380974025974026,0.2922077922077922,12.701753246753247
15,22023,203932,22300524,"JAN 10, 2024",DEN @ UTA,L,29,5,6,0.833,2,2,1.0,0,0,0.0,2,3,5,4,1,0,2,4,12,-20,1,DEN,@,UTA,-0.1143906935553269,0.0036710165431689,-1.026209550328792,-0.5928838107683312,0.6659240143274021,1.4782315947635558,203932,12.0,2.0,0.0,2.0,0.0,0.0,0.0,0.0,0.0,1.0,1.0,1.0,2.0,3.0,1.0,3.0,10:50,60.1,0.0,17.0,3.0,2.0,2.0,1.0,6.0,8.0,0.75,2.0,3.0,0.667,22300524,1610612743,Denver,Nuggets,DEN,nuggets,Aaron,Gordon,A. Gordon,aaron-gordon,F,,,0.667,0.333,0.5,0.0,0.5,0.167,0.0,0.333,0.5,0.333,0.667,1.0,0.0,0.6,0.4,105.9,106.3,135.9,142.6,-30.0,-36.3,0.2,2.0,33.3,0.077,0.13,0.102,16.7,1.0,1.0,0.119,107.03,104.24,86.87,63.0,0.089,4,2,2,6,22,6,13,40,0,4,3,4.16,2.11,2,6,8,36,0,0,28,4,0,1,0.0,5,5,1.0,0.832,2,2,1.0,0.2,0.12,0.286,0.118,0.0,0.0,0.5,0.2,0.263,0.211,0.167,0.125,0.0,0.0,0.267,0.3,0.179,Aaron Gordon,203.2,235.0,Forward,0.0,0.0,0.0,1.304006211180124,0.18613354037267077,6.791677018633539,1.1490527950310556,0.24844720496894407,22.4219099378882
16,22023,203932,22300502,"JAN 07, 2024",DEN vs. DET,W,20,3,4,0.75,0,0,0.0,2,2,1.0,1,0,1,1,1,0,0,0,8,10,1,DEN,vs.,DET,-2.100537071923029,-0.959970826039561,-1.6144825409631305,-1.5946747343832586,0.6659240143274021,0.3965987205463246,203932,8.0,0.0,0.0,0.0,1.0,0.0,0.0,0.0,0.0,0.0,0.0,0.0,0.0,0.0,0.0,0.0,7:35,40.2,0.0,9.0,0.0,3.0,1.0,1.0,4.0,4.0,1.0,1.0,1.0,1.0,22300502,1610612743,Denver,Nuggets,DEN,nuggets,Aaron,Gordon,A. Gordon,aaron-gordon,F,,,1.0,0.0,0.75,0.0,0.0,0.0,0.25,0.25,0.75,0.667,0.333,0.0,0.0,0.667,0.333,140.9,145.0,110.3,117.1,30.6,27.9,0.056,0.0,20.0,0.091,0.0,0.034,0.0,0.75,0.82,0.093,99.87,95.53,79.61,40.0,0.088,2,2,0,6,4,6,5,24,0,0,4,3.97,1.43,1,0,1,19,1,0,14,1,3,3,1.0,0,1,0.0,0.75,1,1,1.0,0.143,0.125,0.0,0.0,0.154,0.143,0.5,0.0,0.071,0.067,0.0,0.25,0.0,0.0,0.0,0.364,0.138,Aaron Gordon,203.2,235.0,Forward,0.0,0.0,0.0,0.8679695431472082,0.17710659898477157,7.547157360406092,1.549771573604061,0.20304568527918782,21.936040609137056
17,22023,203932,22300488,"JAN 05, 2024",DEN vs. ORL,L,36,5,8,0.625,2,4,0.5,4,5,0.8,3,5,8,3,0,0,1,4,16,-4,1,DEN,vs.,ORL,0.2864828873996224,-0.7672424575230142,1.1961550809564887,0.1442830952879361,-0.6736898920455072,0.6243109045920575,203932,16.0,6.0,5.0,1.0,0.0,0.0,3.0,8.0,0.0,0.0,0.0,0.0,1.0,1.0,1.0,1.0,14:42,77.0,0.0,12.0,5.0,8.0,3.0,0.0,3.0,13.0,0.231,2.0,5.0,0.4,22300488,1610612743,Denver,Nuggets,DEN,nuggets,Aaron,Gordon,A. Gordon,aaron-gordon,F,,,0.5,0.5,0.375,0.0,0.375,0.25,0.25,0.375,0.375,0.333,0.667,1.0,0.0,0.6,0.4,119.3,120.3,129.5,126.9,-10.2,-6.7,0.091,3.0,21.4,0.094,0.156,0.125,7.1,0.75,0.784,0.129,103.36,103.99,86.66,79.0,0.09,6,5,4,6,13,6,19,34,0,4,3,3.8,2.49,6,7,12,29,0,1,18,3,3,4,0.75,2,4,0.5,0.625,0,1,0.0,0.132,0.114,0.333,0.2,0.308,0.333,0.5,0.25,0.308,0.125,0.111,0.0,0.0,0.0,0.25,0.231,0.168,Aaron Gordon,203.2,235.0,Forward,0.0,0.0,0.0,1.5457328145265887,0.24801556420233464,7.08715953307393,1.191024643320363,0.28534370946822313,12.652827496757459
18,22023,203932,22300478,"JAN 04, 2024",DEN @ GSW,W,35,11,17,0.647,2,4,0.5,6,7,0.857,5,4,9,2,0,1,0,2,30,6,1,DEN,@,GSW,0.0617507283794235,0.5543234980190147,-0.2091637300033208,0.2576933885273618,0.3747035998985085,1.2505194107178228,203932,30.0,4.0,2.0,2.0,0.0,0.0,3.0,8.0,2.0,0.0,2.0,1.0,1.0,2.0,1.0,2.0,14:36,68.4,0.0,14.0,4.0,8.0,1.0,0.0,5.0,15.0,0.333,2.0,10.0,0.2,22300478,1610612743,Denver,Nuggets,DEN,nuggets,Aaron,Gordon,A. Gordon,aaron-gordon,F,,,0.765,0.235,0.6,0.0,0.2,0.0,0.2,0.133,0.6,0.667,0.333,1.0,0.0,0.727,0.273,147.8,145.1,130.8,136.6,17.0,8.5,0.074,0.0,9.1,0.192,0.129,0.158,0.0,0.706,0.747,0.257,98.09,96.83,80.69,71.0,0.149,4,8,0,18,7,12,4,40,1,2,5,4.07,2.52,6,9,14,49,0,0,28,2,6,10,0.6,5,7,0.714,0.647,2,3,0.667,0.289,0.27,0.286,0.2,0.3,0.318,0.625,0.211,0.333,0.105,0.0,0.0,0.5,1.0,0.182,0.333,0.291,Aaron Gordon,203.2,235.0,Forward,0.0,0.0,0.0,2.607854077253219,0.48503576537911314,8.00361945636624,1.4579542203147355,0.5150214592274679,4.953462088698141
19,22023,203932,22300455,"JAN 01, 2024",DEN vs. CHA,W,25,4,5,0.8,1,1,1.0,1,2,0.5,1,1,2,0,1,1,0,0,10,29,1,DEN,vs.,CHA,-1.6632204381539932,-1.5106233075154067,-1.7778917050282246,-2.067217622880866,-0.6154458091597318,-1.1973865677738056,203932,10.0,2.0,2.0,0.0,0.0,0.0,0.0,0.0,1.0,0.0,1.0,0.0,0.0,0.0,0.0,0.0,9:35,48.0,0.0,8.0,1.0,2.0,1.0,1.0,3.0,4.0,0.75,2.0,3.0,0.667,22300455,1610612743,Denver,Nuggets,DEN,nuggets,Aaron,Gordon,A. Gordon,aaron-gordon,F,,,0.8,0.2,0.6,0.0,0.3,0.0,0.1,0.3,0.6,1.0,0.0,1.0,0.0,1.0,0.0,135.2,136.0,78.4,81.3,56.9,54.8,0.0,0.0,0.0,0.05,0.037,0.043,0.0,0.9,0.85,0.115,97.47,95.48,79.57,50.0,0.098,3,1,0,6,3,4,2,22,1,0,1,4.05,1.76,3,2,5,23,0,0,16,0,1,2,0.5,3,3,1.0,0.8,0,0,0.0,0.167,0.116,0.1,0.048,0.1,0.167,0.5,0.045,0.083,0.0,0.0,0.2,0.333,0.5,0.0,0.125,0.147,Aaron Gordon,203.2,235.0,Forward,0.0,0.0,0.0,1.02374245472837,0.20040241448692153,6.981187122736418,1.3693561368209255,0.20120724346076457,22.143259557344063
20,22023,203932,22300402,"DEC 25, 2023",DEN vs. GSW,W,32,7,10,0.7,1,4,0.25,1,4,0.25,4,6,10,3,1,0,2,2,16,13,1,DEN,vs.,GSW,0.0617507283794235,0.5543234980190147,-0.2091637300033208,0.2576933885273618,0.3747035998985085,1.2505194107178228,203932,16.0,1.0,1.0,0.0,0.0,0.0,0.0,0.0,0.0,0.0,0.0,1.0,0.0,1.0,1.0,1.0,11:59,64.9,0.0,12.0,6.0,2.0,1.0,1.0,4.0,6.0,0.667,2.0,3.0,0.667,22300402,1610612743,Denver,Nuggets,DEN,nuggets,Aaron,Gordon,A. Gordon,aaron-gordon,F,,,0.6,0.4,0.75,0.0,0.188,0.125,0.063,0.0,0.75,0.5,0.5,1.0,0.0,0.571,0.429,113.8,113.0,97.8,97.0,16.0,16.0,0.167,1.5,17.6,0.125,0.182,0.154,11.8,0.75,0.68,0.183,102.55,103.27,86.06,69.0,0.155,0,5,2,12,15,7,6,30,0,2,4,4.06,2.3,9,8,17,40,0,1,24,3,3,3,1.0,4,7,0.571,0.699,1,1,1.0,0.28,0.179,0.125,0.16,0.05,0.167,0.5,0.25,0.313,0.214,0.2,0.25,0.0,0.0,0.167,0.267,0.205,Aaron Gordon,203.2,235.0,Forward,0.0,0.0,0.0,1.4415736766809726,0.27022889842632336,7.369227467811159,1.2460801144492133,0.3004291845493562,8.284649499284692
21,22023,203932,22300390,"DEC 23, 2023",DEN @ CHA,W,32,5,11,0.455,0,0,0.0,4,5,0.8,2,0,2,1,1,1,2,1,14,12,1,DEN,@,CHA,-1.6632204381539932,-1.5106233075154067,-1.7778917050282246,-2.067217622880866,-0.6154458091597318,-1.1973865677738056,203932,14.0,4.0,1.0,3.0,1.0,1.0,1.0,3.0,0.0,0.0,0.0,0.0,0.0,0.0,0.0,0.0,12:36,63.0,0.0,7.0,0.0,3.0,4.0,1.0,3.0,10.0,0.3,1.0,5.0,0.2,22300390,1610612743,Denver,Nuggets,DEN,nuggets,Aaron,Gordon,A. Gordon,aaron-gordon,F,,,1.0,0.0,0.714,0.0,0.0,0.0,0.286,0.071,0.714,0.4,0.6,0.0,0.0,0.4,0.6,111.2,110.8,90.4,95.2,20.9,15.5,0.045,0.5,6.3,0.067,0.0,0.032,12.5,0.455,0.53,0.209,98.85,96.5,80.42,65.0,0.06,1,4,0,10,16,8,13,32,5,1,4,3.75,2.12,6,0,6,34,0,0,19,1,5,10,0.5,0,1,0.0,0.455,1,2,0.5,0.185,0.196,0.0,0.0,0.364,0.385,0.286,0.0,0.074,0.056,0.2,0.1,0.143,0.625,0.091,0.364,0.194,Aaron Gordon,203.2,235.0,Forward,0.0,0.0,0.0,1.1858149779735683,0.23634361233480178,6.092481644640236,1.177092511013216,0.249632892804699,12.909911894273128
22,22023,203932,22300369,"DEC 20, 2023",DEN @ TOR,W,30,6,9,0.667,0,1,0.0,0,0,0.0,3,2,5,2,0,0,1,1,12,14,1,DEN,@,TOR,-0.8979163290581818,-0.3542530964161299,-0.6667093893855819,-0.6117855263082355,-0.2659813118450626,-0.286537831590874,203932,12.0,7.0,4.0,3.0,1.0,0.0,1.0,2.0,0.0,0.0,0.0,0.0,1.0,1.0,1.0,1.0,10:57,58.9,0.0,10.0,2.0,3.0,3.0,0.0,4.0,13.0,0.308,0.0,5.0,0.0,22300369,1610612743,Denver,Nuggets,DEN,nuggets,Aaron,Gordon,A. Gordon,aaron-gordon,F,,,0.889,0.111,1.0,0.0,0.0,0.167,0.0,0.167,1.0,0.5,0.5,0.0,0.0,0.5,0.5,124.6,126.7,103.2,106.9,21.4,19.8,0.071,2.0,16.7,0.1,0.065,0.082,8.3,0.667,0.667,0.143,96.28,93.83,78.19,60.0,0.088,2,4,2,12,10,6,10,40,0,1,0,3.91,2.1,5,4,8,38,0,0,27,2,4,5,0.8,2,4,0.5,0.667,1,3,0.333,0.176,0.141,0.0,0.05,0.0,0.0,0.333,0.1,0.172,0.105,0.167,0.0,0.0,0.0,0.125,0.0,0.158,Aaron Gordon,203.2,235.0,Forward,0.0,0.0,0.0,0.9518627450980394,0.19565359477124183,6.494281045751635,1.3254901960784315,0.22875816993464054,10.619509803921568
23,22023,203932,22300356,"DEC 18, 2023",DEN vs. DAL,W,24,7,9,0.778,2,3,0.667,5,6,0.833,1,4,5,5,1,0,0,1,21,18,1,DEN,vs.,DAL,0.4504766250630101,0.691986618387976,-0.405254726881432,0.2387916729874575,0.7241680972131775,-1.1973865677738056,203932,21.0,2.0,1.0,1.0,0.0,0.0,0.0,0.0,0.0,1.0,1.0,0.0,0.0,0.0,0.0,0.0,9:38,48.6,0.0,9.0,4.0,0.0,0.0,1.0,4.0,6.0,0.667,1.0,1.0,1.0,22300356,1610612743,Denver,Nuggets,DEN,nuggets,Aaron,Gordon,A. Gordon,aaron-gordon,F,,,0.667,0.333,0.476,0.0,0.286,0.381,0.238,0.0,0.476,0.8,0.2,1.0,0.0,0.857,0.143,140.4,142.9,108.9,106.1,31.6,36.7,0.263,0.0,29.4,0.05,0.16,0.111,0.0,0.889,0.902,0.219,96.59,96.99,80.82,49.0,0.223,0,0,8,10,6,5,8,28,0,1,5,3.93,1.66,1,4,5,32,0,0,19,5,3,4,0.75,4,5,0.8,0.778,1,2,0.5,0.269,0.2,0.222,0.231,0.556,0.545,0.2,0.222,0.217,0.294,0.0,0.25,0.0,0.0,0.2,0.556,0.3,Aaron Gordon,203.2,235.0,Forward,0.0,0.0,0.0,1.936304801670146,0.3743423799582464,6.755845511482254,1.2761586638830897,0.4175365344467641,11.819624217118998
24,22023,203932,22300340,"DEC 16, 2023",DEN vs. OKC,L,33,5,10,0.5,0,0,0.0,6,7,0.857,6,3,9,5,2,0,0,2,16,-7,1,DEN,vs.,OKC,1.0882300493095205,1.2426390998638217,1.0000640840783774,1.4106980364615234,0.3747035998985085,-1.2543146137852388,203932,16.0,3.0,2.0,1.0,1.0,0.0,0.0,0.0,1.0,1.0,2.0,1.0,0.0,1.0,1.0,1.0,12:31,65.0,0.0,6.0,3.0,1.0,1.0,2.0,3.0,9.0,0.333,0.0,2.0,0.0,22300340,1610612743,Denver,Nuggets,DEN,nuggets,Aaron,Gordon,A. Gordon,aaron-gordon,F,,,1.0,0.0,0.625,0.0,0.0,0.125,0.375,0.125,0.625,0.8,0.2,0.0,0.0,0.8,0.2,125.4,119.4,129.8,131.8,-4.4,-12.4,0.217,0.0,27.8,0.182,0.107,0.148,0.0,0.5,0.612,0.176,95.59,97.17,80.97,67.0,0.137,2,2,2,10,8,10,10,52,2,2,7,3.96,2.37,12,4,16,52,1,1,38,5,5,10,0.5,0,0,0.0,0.5,2,3,0.667,0.179,0.167,0.0,0.0,0.333,0.35,0.6,0.167,0.321,0.25,0.0,0.667,0.0,0.5,0.167,0.438,0.2,Aaron Gordon,203.2,235.0,Forward,0.0,0.0,0.0,0.9559037900874636,0.23451895043731782,5.936982507288631,1.2818804664723034,0.3206997084548105,15.539577259475218
25,22023,203932,22300322,"DEC 14, 2023",DEN vs. BKN,W,24,6,9,0.667,0,1,0.0,1,1,1.0,0,3,3,2,1,1,2,0,13,16,1,DEN,vs.,BKN,-0.5820765380027672,-0.1064594797519978,-0.3398910612553934,-0.2715546465899582,-0.6736898920455072,-0.0018976015337079,203932,13.0,6.0,2.0,4.0,2.0,0.0,1.0,3.0,0.0,0.0,0.0,1.0,1.0,2.0,1.0,2.0,10:04,50.4,0.0,8.0,3.0,1.0,4.0,1.0,3.0,6.0,0.5,2.0,4.0,0.5,22300322,1610612743,Denver,Nuggets,DEN,nuggets,Aaron,Gordon,A. Gordon,aaron-gordon,F,,,0.889,0.111,0.923,0.0,0.0,0.462,0.077,0.154,0.923,0.667,0.333,0.0,0.0,0.667,0.333,109.8,113.5,83.3,82.7,26.6,30.8,0.125,1.0,15.4,0.0,0.103,0.056,15.4,0.667,0.689,0.194,105.95,104.58,87.15,52.0,0.149,2,0,6,12,5,2,7,22,1,0,4,4.23,1.77,2,4,6,29,1,0,17,2,4,6,0.667,2,3,0.667,0.667,1,2,0.5,0.273,0.196,0.0,0.063,0.091,0.077,0.0,0.15,0.13,0.133,0.4,0.1,0.5,0.5,0.0,0.308,0.22,Aaron Gordon,203.2,235.0,Forward,0.0,0.0,0.0,1.9945636363636363,0.3077818181818182,8.053145454545454,1.2548,0.36363636363636365,15.768218181818181
26,22023,203932,22300307,"DEC 12, 2023",DEN @ CHI,W,32,6,13,0.462,1,2,0.5,1,2,0.5,5,2,7,6,0,0,0,1,14,8,1,DEN,@,CHI,-0.1143906935553269,-0.2716552241947539,0.2157000965659233,-0.0636357756510111,-1.6638393011037476,-0.1157536935565743,203932,14.0,4.0,3.0,1.0,3.0,0.0,0.0,0.0,1.0,1.0,2.0,0.0,0.0,0.0,0.0,0.0,12:26,59.9,0.0,16.0,2.0,3.0,0.0,0.0,7.0,12.0,0.583,2.0,3.0,0.667,22300307,1610612743,Denver,Nuggets,DEN,nuggets,Aaron,Gordon,A. Gordon,aaron-gordon,F,,,0.846,0.154,0.714,0.0,0.214,0.0,0.071,0.143,0.714,0.2,0.8,1.0,0.0,0.333,0.667,125.9,128.8,109.6,111.5,16.3,17.3,0.3,0.0,30.0,0.152,0.065,0.109,0.0,0.5,0.504,0.202,90.85,89.07,74.23,59.0,0.12,2,1,0,10,3,8,9,26,3,1,3,3.89,2.23,8,7,15,52,0,0,37,6,2,7,0.286,4,6,0.667,0.462,2,2,1.0,0.231,0.228,0.111,0.095,0.067,0.105,0.556,0.105,0.25,0.333,0.0,0.0,0.0,0.5,0.083,0.25,0.184,Aaron Gordon,203.2,235.0,Forward,0.0,0.0,0.0,1.0093877551020407,0.23743197278911565,5.989268707482992,1.394591836734694,0.37414965986394555,6.340187074829933
27,22023,203932,22300296,"DEC 11, 2023",DEN @ ATL,W,29,7,10,0.7,0,0,0.0,4,5,0.8,7,5,12,1,0,0,2,2,18,9,1,DEN,@,ATL,-0.3391228525755254,0.7470518665355614,-1.712528039402186,-0.4605718019890011,1.4813411747282996,0.0550304444777253,203932,18.0,2.0,2.0,0.0,2.0,0.0,1.0,3.0,0.0,0.0,0.0,0.0,0.0,0.0,0.0,0.0,12:20,58.4,0.0,12.0,5.0,0.0,0.0,0.0,5.0,13.0,0.385,2.0,6.0,0.333,22300296,1610612743,Denver,Nuggets,DEN,nuggets,Aaron,Gordon,A. Gordon,aaron-gordon,F,,,1.0,0.0,0.778,0.0,0.0,0.111,0.222,0.0,0.778,0.429,0.571,0.0,0.0,0.429,0.571,125.6,123.3,106.6,110.2,19.0,13.2,0.05,0.5,6.7,0.28,0.135,0.194,13.3,0.7,0.738,0.197,100.77,100.03,83.36,60.0,0.161,0,8,2,14,16,14,9,26,0,2,3,3.93,2.03,7,6,13,27,0,0,14,1,5,7,0.714,2,3,0.667,0.699,0,2,0.0,0.259,0.192,0.0,0.0,0.286,0.278,0.583,0.2,0.324,0.063,0.182,0.0,0.0,0.0,0.25,0.214,0.243,Aaron Gordon,203.2,235.0,Forward,0.0,0.0,0.0,1.7874377224199287,0.37660142348754444,7.233238434163701,1.3526512455516015,0.39145907473309605,10.847740213523132
28,22023,203932,22301224,"DEC 08, 2023",DEN vs. HOU,L,22,1,5,0.2,0,2,0.0,1,5,0.2,1,5,6,3,0,0,1,1,3,-12,1,DEN,vs.,HOU,-0.284458273354396,-0.6295793371540528,0.9673822512653604,0.1253813797480318,-0.1494931460735035,0.3965987205463246,203932,3.0,0.0,0.0,0.0,0.0,0.0,2.0,6.0,0.0,0.0,0.0,0.0,1.0,1.0,1.0,1.0,8:31,43.0,0.0,6.0,5.0,2.0,0.0,0.0,2.0,3.0,0.667,0.0,1.0,0.0,22301224,1610612743,Denver,Nuggets,DEN,nuggets,Aaron,Gordon,A. Gordon,aaron-gordon,F,,,0.6,0.4,0.667,0.0,0.0,0.333,0.333,0.0,0.667,0.0,1.0,0.0,0.0,0.0,1.0,96.3,100.0,131.3,129.5,-35.0,-29.5,0.2,3.0,27.3,0.034,0.227,0.118,9.1,0.2,0.208,0.155,96.56,95.36,79.46,45.0,0.017,0,0,1,2,6,8,9,26,0,1,3,4.07,1.6,2,6,8,30,0,0,22,3,1,2,0.5,0,3,0.0,0.2,2,3,0.667,0.063,0.122,0.0,0.125,0.143,0.385,0.2,0.333,0.3,0.429,0.2,0.0,0.0,0.0,0.167,0.3,0.067,Aaron Gordon,203.2,235.0,Forward,0.0,0.0,0.0,0.4040596330275229,0.06871559633027524,4.728486238532112,0.9659862385321103,0.11467889908256883,16.562729357798165
29,22023,203932,22301215,"DEC 06, 2023",DEN @ LAC,L,31,4,9,0.444,0,0,0.0,0,0,0.0,2,4,6,2,2,0,0,2,8,6,1,DEN,@,LAC,1.0517869964954345,1.2977043480114072,0.5425184246961118,1.202779165522576,-0.6736898920455072,0.3396706745348914,203932,8.0,1.0,1.0,0.0,4.0,0.0,0.0,0.0,1.0,0.0,1.0,0.0,0.0,0.0,0.0,0.0,11:44,59.0,0.0,10.0,4.0,4.0,0.0,2.0,5.0,5.0,1.0,0.0,0.0,0.0,22301215,1610612743,Denver,Nuggets,DEN,nuggets,Aaron,Gordon,A. Gordon,aaron-gordon,F,,,1.0,0.0,1.0,0.0,0.0,0.0,0.0,0.0,1.0,0.5,0.5,0.0,0.0,0.5,0.5,122.2,122.6,116.6,112.9,5.6,9.7,0.074,0.0,18.2,0.061,0.167,0.105,0.0,0.444,0.444,0.126,93.87,95.22,79.35,62.0,0.07,0,0,0,8,12,4,8,34,1,2,0,4.12,2.29,4,5,9,37,0,0,28,2,1,5,0.2,3,4,0.75,0.444,0,0,0.0,0.129,0.141,0.0,0.0,0.0,0.0,0.222,0.222,0.222,0.105,0.0,0.4,0.0,0.5,0.182,0.0,0.105,Aaron Gordon,203.2,235.0,Forward,0.0,0.0,0.0,0.6022698412698413,0.126,5.907825396825396,1.2190952380952382,0.1746031746031746,10.579174603174604
30,22023,203932,22300290,"DEC 02, 2023",DEN @ SAC,L,33,8,13,0.615,1,3,0.333,0,0,0.0,4,3,7,3,0,1,1,1,17,-11,1,DEN,@,SAC,0.4686981514700533,0.3340625054286771,-0.5033002253204877,-0.0636357756510111,0.4329476827842839,0.1119584904891585,203932,17.0,7.0,3.0,4.0,3.0,0.0,0.0,0.0,0.0,0.0,0.0,0.0,0.0,0.0,0.0,0.0,11:42,70.4,0.0,10.0,3.0,4.0,0.0,0.0,4.0,10.0,0.4,2.0,5.0,0.4,22300290,1610612743,Denver,Nuggets,DEN,nuggets,Aaron,Gordon,A. Gordon,aaron-gordon,F,,,0.769,0.231,0.824,0.0,0.176,0.118,0.0,0.0,0.824,0.571,0.429,1.0,0.0,0.625,0.375,102.7,102.7,117.4,118.9,-14.7,-16.3,0.115,3.0,17.6,0.108,0.081,0.095,5.9,0.654,0.654,0.175,110.15,109.47,91.22,75.0,0.1,0,4,2,14,16,4,10,44,0,1,0,4.45,2.54,6,6,11,38,0,0,23,3,6,8,0.75,2,5,0.4,0.614,2,4,0.5,0.235,0.194,0.25,0.15,0.0,0.0,0.8,0.103,0.206,0.115,0.111,0.0,0.25,0.0,0.111,0.0,0.221,Aaron Gordon,203.2,235.0,Forward,0.0,0.0,0.0,1.9100134408602147,0.2832795698924731,7.052459677419354,1.1831720430107526,0.3225806451612903,11.997056451612902
31,22023,203932,22300048,"NOV 24, 2023",DEN @ HOU,L,39,0,12,0.0,0,4,0.0,2,4,0.5,3,4,7,2,0,0,1,1,2,-9,1,DEN,@,HOU,-0.284458273354396,-0.6295793371540528,0.9673822512653604,0.1253813797480318,-0.1494931460735035,0.3965987205463246,203932,2.0,9.0,5.0,4.0,2.0,0.0,1.0,3.0,1.0,0.0,1.0,0.0,0.0,0.0,0.0,0.0,15:18,77.9,0.0,19.0,4.0,1.0,2.0,0.0,7.0,16.0,0.438,3.0,6.0,0.5,22300048,1610612743,Denver,Nuggets,DEN,nuggets,Aaron,Gordon,A. Gordon,aaron-gordon,F,,,0.667,0.333,0.0,0.0,0.0,0.0,1.0,0.0,0.0,0.0,0.0,0.0,0.0,0.0,0.0,87.0,91.3,103.9,102.5,-16.9,-11.3,0.077,2.0,11.8,0.058,0.114,0.08,5.9,0.0,0.073,0.156,100.19,98.42,82.02,80.0,-0.047,0,0,0,0,12,9,14,40,4,1,3,3.99,2.77,5,5,10,55,0,1,39,2,0,6,0.0,0,6,0.0,0.0,3,5,0.6,0.0,0.16,0.0,0.167,0.143,0.222,0.25,0.148,0.179,0.125,0.077,0.0,0.0,0.571,0.1,0.158,0.027,Aaron Gordon,203.2,235.0,Forward,0.0,0.0,0.0,0.15584415584415584,0.023612750885478158,5.183541912632821,0.9582644628099174,0.047225501770956316,9.297296340023612
32,22023,203932,22300226,"NOV 22, 2023",DEN @ ORL,L,37,7,16,0.438,1,3,0.333,0,2,0.0,7,3,10,1,2,0,2,3,15,4,1,DEN,@,ORL,0.2864828873996224,-0.7672424575230142,1.1961550809564887,0.1442830952879361,-0.6736898920455072,0.6243109045920575,203932,15.0,1.0,1.0,0.0,3.0,0.0,2.0,6.0,1.0,0.0,1.0,1.0,0.0,1.0,1.0,1.0,14:11,66.8,0.0,13.0,3.0,4.0,1.0,2.0,5.0,9.0,0.556,1.0,2.0,0.5,22300226,1610612743,Denver,Nuggets,DEN,nuggets,Aaron,Gordon,A. Gordon,aaron-gordon,F,,,0.813,0.188,0.8,0.0,0.2,0.0,0.0,0.0,0.8,0.333,0.667,1.0,0.0,0.429,0.571,127.7,127.8,124.9,125.7,2.8,2.1,0.037,0.5,5.0,0.184,0.111,0.154,10.0,0.469,0.444,0.221,93.24,92.9,77.42,72.0,0.052,0,6,0,12,9,11,12,44,2,3,2,3.87,2.55,9,5,14,44,0,1,23,1,3,9,0.333,4,6,0.667,0.438,1,1,1.0,0.206,0.225,0.1,0.125,0.0,0.125,0.5,0.158,0.303,0.05,0.25,0.333,0.0,0.333,0.167,0.125,0.163,Aaron Gordon,203.2,235.0,Forward,0.0,0.0,0.0,1.2554790823211874,0.25430499325236167,6.532618083670714,1.362361673414305,0.28340080971659914,7.885587044534412
33,22023,203932,22300218,"NOV 20, 2023",DEN @ DET,W,37,4,11,0.364,0,1,0.0,3,4,0.75,5,4,9,7,1,0,2,1,11,-2,1,DEN,@,DET,-2.100537071923029,-0.959970826039561,-1.6144825409631305,-1.5946747343832586,0.6659240143274021,0.3965987205463246,203932,11.0,4.0,4.0,0.0,4.0,0.0,4.0,8.0,0.0,0.0,0.0,1.0,0.0,1.0,1.0,1.0,15:15,73.4,0.0,15.0,4.0,2.0,1.0,1.0,6.0,14.0,0.429,1.0,3.0,0.333,22300218,1610612743,Denver,Nuggets,DEN,nuggets,Aaron,Gordon,A. Gordon,aaron-gordon,F,,,0.909,0.091,0.727,0.0,0.0,0.0,0.273,0.182,0.727,0.5,0.5,0.0,0.0,0.5,0.5,103.8,104.1,107.5,106.8,-3.7,-2.7,0.28,3.5,33.3,0.125,0.114,0.12,9.5,0.364,0.431,0.166,95.85,96.09,80.07,74.0,0.104,2,2,0,8,16,8,13,48,0,1,4,3.91,2.55,6,8,14,62,0,0,44,7,2,7,0.286,2,4,0.5,0.363,1,5,0.2,0.138,0.164,0.0,0.045,0.3,0.286,0.5,0.167,0.265,0.304,0.182,0.25,0.0,0.0,0.1,0.222,0.143,Aaron Gordon,203.2,235.0,Forward,0.0,0.0,0.0,0.8352842377260982,0.15239018087855294,5.351098191214469,1.0053229974160205,0.24547803617571054,8.414935400516795
34,22023,203932,22300210,"NOV 19, 2023",DEN @ CLE,L,32,4,11,0.364,0,2,0.0,3,6,0.5,2,2,4,5,1,2,1,2,11,-18,1,DEN,@,CLE,1.0517869964954345,0.3615951295024718,1.6863825731517714,1.2216808810624804,-0.6154458091597318,1.02280722667209,203932,11.0,9.0,7.0,2.0,2.0,0.0,0.0,0.0,0.0,1.0,1.0,0.0,0.0,0.0,0.0,0.0,12:50,63.9,0.0,19.0,2.0,8.0,0.0,1.0,7.0,8.0,0.875,3.0,3.0,1.0,22300210,1610612743,Denver,Nuggets,DEN,nuggets,Aaron,Gordon,A. Gordon,aaron-gordon,F,,,0.818,0.182,0.727,0.182,0.0,0.182,0.273,0.364,0.545,0.5,0.5,0.0,0.0,0.5,0.5,103.5,103.1,129.6,132.8,-26.1,-29.7,0.238,5.0,25.0,0.061,0.074,0.067,5.0,0.364,0.403,0.215,98.93,97.92,81.6,65.0,0.056,4,0,2,6,10,17,2,46,0,2,3,4.11,2.31,3,9,12,52,1,1,36,5,2,7,0.286,2,4,0.5,0.363,3,5,0.6,0.16,0.2,0.0,0.1,0.333,0.462,0.4,0.143,0.211,0.333,0.111,0.2,0.4,0.0,0.143,0.273,0.164,Aaron Gordon,203.2,235.0,Forward,0.0,0.0,0.0,0.9626818181818182,0.16946969696969696,6.897151515151515,1.2705151515151516,0.24242424242424243,9.48969696969697
35,22023,203932,22300034,"NOV 17, 2023",DEN @ NOP,L,39,7,14,0.5,0,4,0.0,0,3,0.0,1,7,8,2,1,0,0,4,14,1,1,DEN,@,NOP,0.5658796256409501,0.6093887461666,0.8693367528263002,0.919253432424012,-0.3824694776166135,0.7381669966149239,203932,14.0,11.0,9.0,2.0,4.0,0.0,4.0,9.0,0.0,1.0,1.0,0.0,2.0,2.0,2.0,2.0,16:11,79.8,0.0,33.0,7.0,3.0,4.0,1.0,14.0,21.0,0.667,3.0,4.0,0.75,22300034,1610612743,Denver,Nuggets,DEN,nuggets,Aaron,Gordon,A. Gordon,aaron-gordon,F,,,0.714,0.286,1.0,0.0,0.0,0.0,0.0,0.0,1.0,1.0,0.0,0.0,0.0,1.0,0.0,112.1,113.4,108.2,112.2,3.9,1.2,0.061,0.0,11.8,0.023,0.167,0.094,0.0,0.5,0.457,0.163,102.99,100.54,83.78,82.0,0.054,0,0,0,14,8,8,13,56,1,4,4,3.97,2.76,3,11,13,51,0,0,34,2,6,8,0.75,1,6,0.167,0.5,5,9,0.556,0.175,0.177,0.0,0.129,0.0,0.333,0.111,0.219,0.195,0.065,0.0,0.333,0.0,0.25,0.25,0.4,0.151,Aaron Gordon,203.2,235.0,Forward,0.0,0.0,0.0,1.307551282051282,0.2059102564102564,6.941833333333333,1.2187307692307694,0.23076923076923078,8.558525641025641
36,22023,203932,22300024,"NOV 14, 2023",DEN vs. LAC,W,39,8,12,0.667,1,2,0.5,3,3,1.0,1,4,5,5,0,0,3,1,20,2,1,DEN,vs.,LAC,1.0517869964954345,1.2977043480114072,0.5425184246961118,1.202779165522576,-0.6736898920455072,0.3396706745348914,203932,20.0,6.0,5.0,1.0,0.0,0.0,0.0,0.0,0.0,0.0,0.0,0.0,0.0,0.0,0.0,0.0,16:56,78.7,0.0,2.0,4.0,3.0,3.0,0.0,1.0,10.0,0.1,0.0,3.0,0.0,22300024,1610612743,Denver,Nuggets,DEN,nuggets,Aaron,Gordon,A. Gordon,aaron-gordon,F,,,0.833,0.167,0.7,0.0,0.15,0.0,0.15,0.15,0.7,0.714,0.286,0.0,1.0,0.625,0.375,115.8,117.7,115.5,113.8,0.3,4.0,0.208,1.67,23.8,0.031,0.093,0.067,14.3,0.708,0.751,0.188,96.93,96.85,80.71,79.0,0.129,3,2,0,14,17,9,13,34,0,1,3,3.94,2.82,1,5,6,52,1,0,34,5,5,6,0.833,3,6,0.5,0.667,0,2,0.0,0.25,0.197,0.143,0.095,0.136,0.107,0.2,0.154,0.161,0.217,0.25,0.0,0.0,0.0,0.077,0.167,0.215,Aaron Gordon,203.2,235.0,Forward,0.0,0.0,0.0,1.6427239263803681,0.2805521472392638,6.099877300613498,1.1260613496932514,0.3312883435582822,10.487300613496933
37,22023,203932,22300182,"NOV 12, 2023",DEN @ HOU,L,39,6,10,0.6,1,2,0.5,3,6,0.5,1,7,8,5,0,2,2,2,16,8,1,DEN,@,HOU,-0.284458273354396,-0.6295793371540528,0.9673822512653604,0.1253813797480318,-0.1494931460735035,0.3965987205463246,203932,16.0,4.0,3.0,1.0,1.0,0.0,1.0,3.0,1.0,0.0,1.0,1.0,0.0,1.0,1.0,1.0,15:13,73.3,0.0,13.0,7.0,1.0,0.0,0.0,5.0,9.0,0.556,0.0,2.0,0.0,22300182,1610612743,Denver,Nuggets,DEN,nuggets,Aaron,Gordon,A. Gordon,aaron-gordon,F,,,0.8,0.2,0.625,0.0,0.188,0.0,0.188,0.125,0.625,0.4,0.6,1.0,0.0,0.5,0.5,117.7,119.5,106.6,110.5,11.1,9.0,0.161,2.5,25.0,0.026,0.163,0.099,10.0,0.65,0.633,0.172,97.85,95.38,79.48,77.0,0.115,2,2,0,10,3,13,2,36,0,2,4,3.95,2.86,3,11,14,40,1,0,25,5,4,5,0.8,2,5,0.4,0.599,3,3,1.0,0.162,0.135,0.143,0.087,0.273,0.429,0.111,0.233,0.205,0.238,0.286,0.0,0.667,0.0,0.154,0.286,0.174,Aaron Gordon,203.2,235.0,Forward,0.0,0.0,0.0,1.1775879396984923,0.22442211055276381,6.037550251256281,1.1946231155778892,0.27638190954773867,11.275251256281406
38,22023,203932,22300169,"NOV 08, 2023",DEN vs. GSW,W,34,5,14,0.357,1,2,0.5,3,4,0.75,4,7,11,3,3,1,2,2,14,12,1,DEN,vs.,GSW,0.0617507283794235,0.5543234980190147,-0.2091637300033208,0.2576933885273618,0.3747035998985085,1.2505194107178228,203932,14.0,8.0,2.0,6.0,3.0,0.0,3.0,7.0,0.0,0.0,0.0,0.0,0.0,0.0,0.0,0.0,13:25,70.9,0.0,11.0,7.0,2.0,2.0,3.0,4.0,14.0,0.286,1.0,9.0,0.111,22300169,1610612743,Denver,Nuggets,DEN,nuggets,Aaron,Gordon,A. Gordon,aaron-gordon,F,,,0.857,0.143,0.571,0.143,0.214,0.143,0.214,0.143,0.429,0.5,0.5,1.0,0.0,0.6,0.4,113.6,115.3,101.3,98.6,12.4,16.7,0.111,1.5,14.3,0.1,0.184,0.141,9.5,0.393,0.444,0.219,99.83,100.42,83.68,72.0,0.124,2,0,2,6,8,12,11,24,0,2,4,4.22,2.6,6,10,16,60,0,0,41,3,3,10,0.3,2,4,0.5,0.356,3,5,0.6,0.156,0.2,0.125,0.077,0.273,0.25,0.444,0.259,0.306,0.176,0.4,0.429,0.25,0.0,0.111,0.267,0.169,Aaron Gordon,203.2,235.0,Forward,0.0,0.0,0.0,1.205159420289855,0.21840579710144925,6.9741739130434794,1.2740434782608694,0.2608695652173913,9.421971014492755
39,22023,203932,22300156,"NOV 06, 2023",DEN vs. NOP,W,36,7,11,0.636,0,2,0.0,1,2,0.5,5,7,12,6,0,1,2,1,15,8,1,DEN,vs.,NOP,0.5658796256409501,0.6093887461666,0.8693367528263002,0.919253432424012,-0.3824694776166135,0.7381669966149239,203932,15.0,15.0,13.0,2.0,2.0,0.0,2.0,4.0,0.0,1.0,1.0,0.0,0.0,0.0,0.0,0.0,13:31,74.0,0.0,19.0,7.0,9.0,1.0,0.0,9.0,22.0,0.409,1.0,2.0,0.5,22300156,1610612743,Denver,Nuggets,DEN,nuggets,Aaron,Gordon,A. Gordon,aaron-gordon,F,,,0.818,0.182,0.933,0.0,0.0,0.133,0.067,0.2,0.933,0.714,0.286,0.0,0.0,0.714,0.286,123.2,128.6,117.6,118.2,5.6,10.4,0.194,3.0,30.0,0.119,0.212,0.16,10.0,0.636,0.631,0.153,104.67,102.18,85.15,77.0,0.122,3,7,2,14,9,6,7,34,0,1,2,3.8,2.62,7,8,15,52,1,0,38,6,5,8,0.625,2,3,0.667,0.636,1,4,0.25,0.184,0.141,0.0,0.067,0.071,0.105,0.455,0.292,0.343,0.214,0.4,0.0,0.25,0.0,0.083,0.143,0.152,Aaron Gordon,203.2,235.0,Forward,0.0,0.0,0.0,1.399291338582677,0.2389238845144357,7.0902755905511805,1.260787401574803,0.31496062992125984,12.587139107611547
40,22023,203932,22300139,"NOV 04, 2023",DEN vs. CHI,W,35,4,9,0.444,1,3,0.333,6,8,0.75,3,9,12,5,2,1,3,2,15,26,1,DEN,vs.,CHI,-0.1143906935553269,-0.2716552241947539,0.2157000965659233,-0.0636357756510111,-1.6638393011037476,-0.1157536935565743,203932,15.0,8.0,5.0,3.0,1.0,0.0,0.0,0.0,0.0,0.0,0.0,0.0,0.0,0.0,0.0,0.0,14:19,71.9,0.0,7.0,9.0,5.0,2.0,2.0,3.0,15.0,0.2,0.0,4.0,0.0,22300139,1610612743,Denver,Nuggets,DEN,nuggets,Aaron,Gordon,A. Gordon,aaron-gordon,F,,,0.667,0.333,0.4,0.0,0.2,0.133,0.4,0.2,0.4,0.333,0.667,1.0,0.0,0.5,0.5,130.2,125.7,92.3,91.8,37.9,33.9,0.192,1.67,23.8,0.094,0.22,0.164,14.3,0.5,0.599,0.199,99.67,101.72,84.77,74.0,0.138,3,2,2,6,17,14,12,36,0,2,4,4.11,2.53,6,10,15,49,1,1,33,5,0,0,0.0,4,9,0.444,0.444,2,4,0.5,0.133,0.15,0.083,0.115,0.286,0.308,0.333,0.29,0.3,0.227,0.333,0.25,0.25,0.0,0.154,0.267,0.161,Aaron Gordon,203.2,235.0,Forward,0.0,0.0,0.0,1.0465480895915678,0.17089591567852436,8.147351778656127,1.3444532279314887,0.25032938076416333,12.819104084321475
41,22023,203932,22300006,"NOV 03, 2023",DEN vs. DAL,W,35,8,17,0.471,2,6,0.333,0,0,0.0,2,6,8,6,2,1,4,2,18,22,1,DEN,vs.,DAL,0.4504766250630101,0.691986618387976,-0.405254726881432,0.2387916729874575,0.7241680972131775,-1.1973865677738056,203932,18.0,6.0,3.0,3.0,2.0,0.0,1.0,2.0,0.0,1.0,1.0,0.0,0.0,0.0,0.0,0.0,12:36,70.1,0.0,22.0,6.0,3.0,1.0,2.0,8.0,14.0,0.571,4.0,9.0,0.444,22300006,1610612743,Denver,Nuggets,DEN,nuggets,Aaron,Gordon,A. Gordon,aaron-gordon,F,,,0.647,0.353,0.667,0.0,0.333,0.0,0.0,0.0,0.667,0.667,0.333,0.5,0.5,0.625,0.375,137.3,143.7,111.4,112.7,26.0,31.0,0.188,1.5,22.2,0.061,0.182,0.121,14.8,0.529,0.529,0.235,99.53,96.73,80.61,71.0,0.102,0,2,0,12,12,7,7,28,1,2,3,3.92,2.48,6,8,13,48,0,1,23,6,3,7,0.429,5,10,0.5,0.47,1,2,0.5,0.2,0.236,0.167,0.24,0.0,0.0,0.133,0.261,0.211,0.222,0.333,0.222,0.25,0.25,0.182,0.231,0.176,Aaron Gordon,203.2,235.0,Forward,0.0,0.0,0.0,1.004155844155844,0.1874025974025974,6.508585858585859,1.328932178932179,0.25974025974025977,6.057705627705628
42,22023,203932,22300123,"NOV 01, 2023",DEN @ MIN,L,18,2,3,0.667,0,1,0.0,0,0,0.0,1,1,2,2,0,1,2,4,4,-13,1,DEN,@,MIN,1.2036330498874597,0.0036710165431689,2.2419737309730925,1.2972877432220975,-0.9649103064744008,1.1935913647063896,203932,4.0,9.0,7.0,2.0,1.0,0.0,0.0,0.0,1.0,0.0,1.0,0.0,0.0,0.0,0.0,0.0,6:40,35.1,0.0,13.0,1.0,4.0,0.0,0.0,4.0,11.0,0.364,2.0,4.0,0.5,22300123,1610612743,Denver,Nuggets,DEN,nuggets,Aaron,Gordon,A. Gordon,aaron-gordon,F,,,0.667,0.333,1.0,0.5,0.0,0.0,0.0,0.0,0.5,1.0,0.0,0.0,0.0,1.0,0.0,83.2,89.2,129.1,131.4,-45.8,-42.2,0.182,1.0,28.6,0.042,0.067,0.051,28.6,0.667,0.667,0.107,97.93,93.66,78.05,37.0,0.014,0,2,0,2,13,7,8,20,0,4,0,4.1,1.35,3,1,4,24,0,0,20,2,1,1,1.0,1,2,0.5,0.667,0,1,0.0,0.154,0.081,0.0,0.1,0.0,0.0,0.143,0.091,0.111,0.286,0.286,0.0,0.333,0.0,0.571,0.0,0.121,Aaron Gordon,203.2,235.0,Forward,0.0,0.0,0.0,0.4531034482758621,0.11327586206896552,3.4349137931034486,0.8039942528735634,0.14367816091954025,18.011637931034482
43,22023,203932,22300110,"OCT 30, 2023",DEN vs. UTA,W,33,10,12,0.833,0,0,0.0,1,4,0.25,3,4,7,2,0,0,3,2,21,8,1,DEN,vs.,UTA,-0.1143906935553269,0.0036710165431689,-1.026209550328792,-0.5928838107683312,0.6659240143274021,1.4782315947635558,203932,21.0,7.0,3.0,4.0,1.0,0.0,2.0,4.0,0.0,1.0,1.0,0.0,0.0,0.0,0.0,0.0,12:15,65.0,0.0,20.0,4.0,6.0,1.0,0.0,9.0,17.0,0.529,2.0,7.0,0.286,22300110,1610612743,Denver,Nuggets,DEN,nuggets,Aaron,Gordon,A. Gordon,aaron-gordon,F,,,1.0,0.0,0.952,0.0,0.0,0.19,0.048,0.19,0.952,0.6,0.4,0.0,0.0,0.6,0.4,115.5,114.3,104.6,105.9,10.9,8.4,0.08,0.67,10.5,0.103,0.114,0.109,15.8,0.833,0.763,0.226,99.85,99.76,83.13,70.0,0.129,4,6,4,20,10,15,8,52,0,2,3,3.82,2.35,4,6,10,41,0,0,24,2,5,7,0.714,5,5,1.0,0.832,5,5,1.0,0.286,0.2,0.0,0.0,0.25,0.333,0.5,0.167,0.233,0.077,0.3,0.0,0.0,0.0,0.167,0.188,0.263,Aaron Gordon,203.2,235.0,Forward,0.0,0.0,0.0,2.1185205479452054,0.3712739726027397,6.886068493150685,1.2744931506849313,0.3972602739726027,12.444136986301368
44,22023,203932,22300095,"OCT 29, 2023",DEN @ OKC,W,23,4,7,0.571,0,1,0.0,1,3,0.333,1,2,3,2,1,3,1,1,9,22,1,DEN,@,OKC,1.0882300493095205,1.2426390998638217,1.0000640840783774,1.4106980364615234,0.3747035998985085,-1.2543146137852388,203932,9.0,6.0,5.0,1.0,2.0,0.0,1.0,2.0,0.0,0.0,0.0,0.0,0.0,0.0,0.0,0.0,8:41,46.0,0.0,4.0,2.0,2.0,0.0,1.0,2.0,10.0,0.2,0.0,3.0,0.0,22300095,1610612743,Denver,Nuggets,DEN,nuggets,Aaron,Gordon,A. Gordon,aaron-gordon,F,,,0.857,0.143,0.889,0.0,0.0,0.0,0.111,0.0,0.889,0.25,0.75,0.0,0.0,0.25,0.75,150.9,152.2,100.1,100.0,50.8,52.2,0.083,2.0,18.2,0.067,0.08,0.075,9.1,0.571,0.541,0.169,98.11,97.73,81.44,46.0,0.076,0,2,0,8,11,8,4,28,0,1,2,3.93,1.77,1,3,4,34,0,1,24,2,3,4,0.75,2,4,0.5,0.57,0,2,0.0,0.143,0.167,0.0,0.077,0.125,0.3,0.143,0.1,0.111,0.118,0.143,0.333,1.0,0.0,0.091,0.286,0.129,Aaron Gordon,203.2,235.0,Forward,0.0,0.0,0.0,1.2749482401656314,0.2704761904761905,8.20144927536232,1.6556521739130436,0.2898550724637681,10.468053830227744
45,22023,203932,22300078,"OCT 27, 2023",DEN @ MEM,W,30,5,11,0.455,0,1,0.0,0,1,0.0,1,1,2,3,3,1,1,3,10,8,1,DEN,@,MEM,-1.0133193296361214,-2.3090694056553804,0.4771547590700777,-1.3111490012846942,-0.2077372289592789,-1.3681707058081052,203932,10.0,9.0,5.0,4.0,3.0,0.0,0.0,0.0,1.0,0.0,1.0,0.0,0.0,0.0,0.0,0.0,11:16,64.0,0.0,8.0,1.0,4.0,2.0,3.0,4.0,11.0,0.364,0.0,4.0,0.0,22300078,1610612743,Denver,Nuggets,DEN,nuggets,Aaron,Gordon,A. Gordon,aaron-gordon,F,,,0.909,0.091,1.0,0.0,0.0,0.2,0.0,0.4,1.0,1.0,0.0,0.0,0.0,1.0,0.0,103.8,106.0,96.2,96.9,7.6,9.0,0.136,3.0,20.0,0.032,0.034,0.033,6.7,0.455,0.437,0.166,105.96,104.44,87.03,67.0,0.054,4,0,2,10,19,5,13,28,2,3,3,4.07,2.28,5,2,7,42,0,0,26,3,4,8,0.5,1,3,0.333,0.455,2,4,0.5,0.185,0.196,0.0,0.042,0.0,0.1,0.25,0.042,0.071,0.158,0.083,0.375,0.25,0.4,0.333,0.2,0.141,Aaron Gordon,203.2,235.0,Forward,0.0,0.0,0.0,0.5928959276018099,0.12078431372549019,6.036847662141778,1.1316138763197585,0.15082956259426844,6.53499245852187
46,22023,203932,22300061,"OCT 24, 2023",DEN vs. LAL,W,35,7,11,0.636,1,2,0.5,0,0,0.0,2,5,7,5,2,1,0,0,15,6,1,DEN,vs.,LAL,0.116415307600553,-0.2716552241947539,0.1176545981268676,-0.1014392067308196,0.8989003458705122,-0.5142500156366069,203932,15.0,8.0,4.0,4.0,2.0,0.0,3.0,7.0,1.0,1.0,2.0,0.0,0.0,0.0,0.0,0.0,12:25,71.4,0.0,15.0,5.0,3.0,0.0,2.0,7.0,17.0,0.412,1.0,6.0,0.167,22300061,1610612743,Denver,Nuggets,DEN,nuggets,Aaron,Gordon,A. Gordon,aaron-gordon,F,,,0.818,0.182,0.8,0.0,0.2,0.267,0.0,0.267,0.8,0.5,0.5,0.0,1.0,0.429,0.571,119.1,126.4,116.4,116.4,2.7,10.0,0.167,0.0,31.3,0.053,0.119,0.088,0.0,0.682,0.682,0.129,102.56,99.51,82.92,72.0,0.142,4,0,4,12,9,4,16,44,1,0,0,3.81,2.39,5,10,14,43,0,0,32,5,6,6,1.0,1,5,0.2,0.636,3,5,0.6,0.189,0.151,0.1,0.077,0.0,0.0,0.222,0.192,0.2,0.227,0.0,0.286,0.25,0.25,0.0,0.0,0.165,Aaron Gordon,203.2,235.0,Forward,0.0,0.0,0.0,1.2743539325842697,0.2405196629213483,7.607064606741574,1.4449016853932584,0.3089887640449438,8.241474719101124
